{"homogeneous_poisson": [0.05927669256925583, {"n_conv": 5, "atom_fea_len": 10, "h_fea_len": 100, "n_h": 4}], "band_gap": [0.5982983112335205, {"n_conv": 5, "atom_fea_len": 10, "h_fea_len": 100, "n_h": 4}], "energy_per_atom": [3.610077381134033, {"n_conv": 5, "atom_fea_len": 10, "h_fea_len": 100, "n_h": 4}], "formation_energy_per_atom": [3.610077381134033, {"n_conv": 5, "atom_fea_len": 10, "h_fea_len": 100, "n_h": 4}], "efermi": [3.6360673904418945, {"n_conv": 5, "atom_fea_len": 10, "h_fea_len": 100, "n_h": 4}]}