{"0": 0.299169659614563, "1": 0.299169659614563}